12985-100,Size,3,Colour,Black,Style,12985,3,0,0
12985-100,Size,3+,Colour,Black,Style,12985,0,0,0
12985-100,Size,4,Colour,Black,Style,12985,3,0,0
12985-100,Size,4+,Colour,Black,Style,12985,0,0,0
12985-100,Size,5,Colour,Black,Style,12985,9,0,0
12985-100,Size,5+,Colour,Black,Style,12985,0,0,0
12985-100,Size,6,Colour,Black,Style,12985,12,0,0
12985-100,Size,6+,Colour,Black,Style,12985,0,0,0
12985-100,Size,7,Colour,Black,Style,12985,10,0,0
12985-100,Size,7+,Colour,Black,Style,12985,0,0,0
12985-100,Size,8,Colour,Black,Style,12985,2,0,0
12985-100,Size,8+,Colour,Black,Style,12985,0,0,0
12985-100,Size,9,Colour,Black,Style,12985,4,0,0
12985-600,Size,3,Colour,Brown,Style,12985,2,0,0
12985-600,Size,3+,Colour,Brown,Style,12985,0,0,0
12985-600,Size,4,Colour,Brown,Style,12985,8,0,0
12985-600,Size,4+,Colour,Brown,Style,12985,0,0,0
12985-600,Size,5,Colour,Brown,Style,12985,5,0,0
12985-600,Size,5+,Colour,Brown,Style,12985,0,0,0
12985-600,Size,6,Colour,Brown,Style,12985,4,0,0
12985-600,Size,6+,Colour,Brown,Style,12985,0,0,0
12985-600,Size,7,Colour,Brown,Style,12985,10,0,0
12985-600,Size,7+,Colour,Brown,Style,12985,0,0,0
12985-600,Size,8,Colour,Brown,Style,12985,7,0,0
12985-600,Size,8+,Colour,Brown,Style,12985,0,0,0
12985-600,Size,9,Colour,Brown,Style,12985,4,0,0
12985-920,Size,3,Colour,Pewter,Style,12985,3,0,0
12985-920,Size,3+,Colour,Pewter,Style,12985,0,0,0
12985-920,Size,4,Colour,Pewter,Style,12985,3,0,0
12985-920,Size,4+,Colour,Pewter,Style,12985,0,0,0
12985-920,Size,5,Colour,Pewter,Style,12985,4,0,0
12985-920,Size,5+,Colour,Pewter,Style,12985,0,0,0
12985-920,Size,6,Colour,Pewter,Style,12985,6,0,0
12985-920,Size,6+,Colour,Pewter,Style,12985,0,0,0
12985-920,Size,7,Colour,Pewter,Style,12985,5,0,0
12985-920,Size,7+,Colour,Pewter,Style,12985,0,0,0
12985-920,Size,8,Colour,Pewter,Style,12985,5,0,0
12985-920,Size,8+,Colour,Pewter,Style,12985,0,0,0
12985-920,Size,9,Colour,Pewter,Style,12985,2,0,0
10984-100,Size,3,Colour,Black,Style,10984,1,0,0
10984-100,Size,3+,Colour,Black,Style,10984,5,0,0
10984-100,Size,4,Colour,Black,Style,10984,0,0,0
10984-100,Size,4+,Colour,Black,Style,10984,3,0,0
10984-100,Size,5,Colour,Black,Style,10984,1,0,0
10984-100,Size,5+,Colour,Black,Style,10984,3,0,0
10984-100,Size,6,Colour,Black,Style,10984,0,0,0
10984-100,Size,6+,Colour,Black,Style,10984,0,0,0
10984-100,Size,7,Colour,Black,Style,10984,3,0,0
10984-100,Size,7+,Colour,Black,Style,10984,5,0,0
10984-100,Size,8,Colour,Black,Style,10984,0,0,0
10984-100,Size,8+,Colour,Black,Style,10984,3,0,0
10984-100,Size,9,Colour,Black,Style,10984,1,0,0
10984-100s,Size,3,Colour,Black Suede,Style,10984,0,0,0
10984-100s,Size,3+,Colour,Black Suede,Style,10984,0,0,0
10984-100s,Size,4,Colour,Black Suede,Style,10984,0,0,0
10984-100s,Size,4+,Colour,Black Suede,Style,10984,0,0,0
10984-100s,Size,5,Colour,Black Suede,Style,10984,0,0,0
10984-100s,Size,5+,Colour,Black Suede,Style,10984,0,0,0
10984-100s,Size,6,Colour,Black Suede,Style,10984,0,0,0
10984-100s,Size,6+,Colour,Black Suede,Style,10984,0,0,0
10984-100s,Size,7,Colour,Black Suede,Style,10984,0,0,0
10984-100s,Size,7+,Colour,Black Suede,Style,10984,0,0,0
10984-100s,Size,8,Colour,Black Suede,Style,10984,0,0,0
10984-100s,Size,8+,Colour,Black Suede,Style,10984,0,0,0
10984-100s,Size,9,Colour,Black Suede,Style,10984,0,0,0
10984-230,Size,3,Colour,Sand,Style,10984,0,0,0
10984-230,Size,3+,Colour,Sand,Style,10984,0,0,0
10984-230,Size,4,Colour,Sand,Style,10984,0,0,0
10984-230,Size,4+,Colour,Sand,Style,10984,0,0,0
10984-230,Size,5,Colour,Sand,Style,10984,0,0,0
10984-230,Size,5+,Colour,Sand,Style,10984,0,0,0
10984-230,Size,6,Colour,Sand,Style,10984,0,0,0
10984-230,Size,6+,Colour,Sand,Style,10984,0,0,0
10984-230,Size,7,Colour,Sand,Style,10984,0,0,0
10984-230,Size,7+,Colour,Sand,Style,10984,0,0,0
10984-230,Size,8,Colour,Sand,Style,10984,0,0,0
10984-230,Size,8+,Colour,Sand,Style,10984,0,0,0
10984-230,Size,9,Colour,Sand,Style,10984,0,0,0
10984-330s,Size,3,Colour,Burgundy Suede,Style,10984,0,0,0
10984-330s,Size,3+,Colour,Burgundy Suede,Style,10984,0,0,0
10984-330s,Size,4,Colour,Burgundy Suede,Style,10984,0,0,0
10984-330s,Size,4+,Colour,Burgundy Suede,Style,10984,0,0,0
10984-330s,Size,5,Colour,Burgundy Suede,Style,10984,0,0,0
10984-330s,Size,5+,Colour,Burgundy Suede,Style,10984,0,0,0
10984-330s,Size,6,Colour,Burgundy Suede,Style,10984,0,0,0
10984-330s,Size,6+,Colour,Burgundy Suede,Style,10984,0,0,0
10984-330s,Size,7,Colour,Burgundy Suede,Style,10984,0,0,0
10984-330s,Size,7+,Colour,Burgundy Suede,Style,10984,0,0,0
10984-330s,Size,8,Colour,Burgundy Suede,Style,10984,0,0,0
10984-330s,Size,8+,Colour,Burgundy Suede,Style,10984,0,0,0
10984-330s,Size,9,Colour,Burgundy Suede,Style,10984,0,0,0
10984-400,Size,3,Colour,Navy,Style,10984,2,0,0
10984-400,Size,3+,Colour,Navy,Style,10984,2,0,0
10984-400,Size,4,Colour,Navy,Style,10984,6,0,0
10984-400,Size,4+,Colour,Navy,Style,10984,4,0,0
10984-400,Size,5,Colour,Navy,Style,10984,8,0,0
10984-400,Size,5+,Colour,Navy,Style,10984,0,0,0
10984-400,Size,6,Colour,Navy,Style,10984,5,0,0
10984-400,Size,6+,Colour,Navy,Style,10984,3,0,0
10984-400,Size,7,Colour,Navy,Style,10984,4,0,0
10984-400,Size,7+,Colour,Navy,Style,10984,5,0,0
10984-400,Size,8,Colour,Navy,Style,10984,5,0,0
10984-400,Size,8+,Colour,Navy,Style,10984,5,0,0
10984-400,Size,9,Colour,Navy,Style,10984,7,0,0
10984-600,Size,3,Colour,Brown,Style,10984,0,0,0
10984-600,Size,3+,Colour,Brown,Style,10984,0,0,0
10984-600,Size,4,Colour,Brown,Style,10984,0,0,0
10984-600,Size,4+,Colour,Brown,Style,10984,0,0,0
10984-600,Size,5,Colour,Brown,Style,10984,0,0,0
10984-600,Size,5+,Colour,Brown,Style,10984,0,0,0
10984-600,Size,6,Colour,Brown,Style,10984,0,0,0
10984-600,Size,6+,Colour,Brown,Style,10984,0,0,0
10984-600,Size,7,Colour,Brown,Style,10984,0,0,0
10984-600,Size,7+,Colour,Brown,Style,10984,0,0,0
10984-600,Size,8,Colour,Brown,Style,10984,0,0,0
10984-600,Size,8+,Colour,Brown,Style,10984,0,0,0
10984-600,Size,9,Colour,Brown,Style,10984,0,0,0
10984-601,Size,3,Colour,Saddle,Style,10984,0,0,0
10984-601,Size,3+,Colour,Saddle,Style,10984,0,0,0
10984-601,Size,4,Colour,Saddle,Style,10984,0,0,0
10984-601,Size,4+,Colour,Saddle,Style,10984,0,0,0
10984-601,Size,5,Colour,Saddle,Style,10984,0,0,0
10984-601,Size,5+,Colour,Saddle,Style,10984,0,0,0
10984-601,Size,6,Colour,Saddle,Style,10984,0,0,0
10984-601,Size,6+,Colour,Saddle,Style,10984,0,0,0
10984-601,Size,7,Colour,Saddle,Style,10984,0,0,0
10984-601,Size,7+,Colour,Saddle,Style,10984,0,0,0
10984-601,Size,8,Colour,Saddle,Style,10984,0,0,0
10984-601,Size,8+,Colour,Saddle,Style,10984,0,0,0
10984-601,Size,9,Colour,Saddle,Style,10984,0,0,0
10984-650,Size,3,Colour,Tan,Style,10984,0,0,0
10984-650,Size,3+,Colour,Tan,Style,10984,0,0,0
10984-650,Size,4,Colour,Tan,Style,10984,0,0,0
10984-650,Size,4+,Colour,Tan,Style,10984,0,0,0
10984-650,Size,5,Colour,Tan,Style,10984,0,0,0
10984-650,Size,5+,Colour,Tan,Style,10984,0,0,0
10984-650,Size,6,Colour,Tan,Style,10984,0,0,0
10984-650,Size,6+,Colour,Tan,Style,10984,0,0,0
10984-650,Size,7,Colour,Tan,Style,10984,0,0,0
10984-650,Size,7+,Colour,Tan,Style,10984,0,0,0
10984-650,Size,8,Colour,Tan,Style,10984,0,0,0
10984-650,Size,8+,Colour,Tan,Style,10984,0,0,0
10984-650,Size,9,Colour,Tan,Style,10984,0,0,0
10984-711,Size,3,Colour,Nude,Style,10984,0,0,0
10984-711,Size,3+,Colour,Nude,Style,10984,0,0,0
10984-711,Size,4,Colour,Nude,Style,10984,0,0,0
10984-711,Size,4+,Colour,Nude,Style,10984,0,0,0
10984-711,Size,5,Colour,Nude,Style,10984,0,0,0
10984-711,Size,5+,Colour,Nude,Style,10984,0,0,0
10984-711,Size,6,Colour,Nude,Style,10984,0,0,0
10984-711,Size,6+,Colour,Nude,Style,10984,0,0,0
10984-711,Size,7,Colour,Nude,Style,10984,0,0,0
10984-711,Size,7+,Colour,Nude,Style,10984,0,0,0
10984-711,Size,8,Colour,Nude,Style,10984,0,0,0
10984-711,Size,8+,Colour,Nude,Style,10984,0,0,0
10984-711,Size,9,Colour,Nude,Style,10984,0,0,0
10984-900,Size,3,Colour,Gold,Style,10984,0,0,0
10984-900,Size,3+,Colour,Gold,Style,10984,0,0,0
10984-900,Size,4,Colour,Gold,Style,10984,0,0,0
10984-900,Size,4+,Colour,Gold,Style,10984,0,0,0
10984-900,Size,5,Colour,Gold,Style,10984,0,0,0
10984-900,Size,5+,Colour,Gold,Style,10984,0,0,0
10984-900,Size,6,Colour,Gold,Style,10984,0,0,0
10984-900,Size,6+,Colour,Gold,Style,10984,0,0,0
10984-900,Size,7,Colour,Gold,Style,10984,0,0,0
10984-900,Size,7+,Colour,Gold,Style,10984,0,0,0
10984-900,Size,8,Colour,Gold,Style,10984,0,0,0
10984-900,Size,8+,Colour,Gold,Style,10984,0,0,0
10984-900,Size,9,Colour,Gold,Style,10984,0,0,0
10984-940,Size,3,Colour,Silver,Style,10984,0,0,0
10984-940,Size,3+,Colour,Silver,Style,10984,0,0,0
10984-940,Size,4,Colour,Silver,Style,10984,0,0,0
10984-940,Size,4+,Colour,Silver,Style,10984,0,0,0
10984-940,Size,5,Colour,Silver,Style,10984,0,0,0
10984-940,Size,5+,Colour,Silver,Style,10984,0,0,0
10984-940,Size,6,Colour,Silver,Style,10984,0,0,0
10984-940,Size,6+,Colour,Silver,Style,10984,0,0,0
10984-940,Size,7,Colour,Silver,Style,10984,0,0,0
10984-940,Size,7+,Colour,Silver,Style,10984,0,0,0
10984-940,Size,8,Colour,Silver,Style,10984,0,0,0
10984-940,Size,8+,Colour,Silver,Style,10984,0,0,0
10984-940,Size,9,Colour,Silver,Style,10984,0,0,0
10984-940s7,Size,3,Colour,Titanium,Style,10984,0,0,0
10984-940s7,Size,3+,Colour,Titanium,Style,10984,0,0,0
10984-940s7,Size,4,Colour,Titanium,Style,10984,0,0,0
10984-940s7,Size,4+,Colour,Titanium,Style,10984,0,0,0
10984-940s7,Size,5,Colour,Titanium,Style,10984,0,0,0
10984-940s7,Size,5+,Colour,Titanium,Style,10984,0,0,0
10984-940s7,Size,6,Colour,Titanium,Style,10984,0,0,0
10984-940s7,Size,6+,Colour,Titanium,Style,10984,0,0,0
10984-940s7,Size,7,Colour,Titanium,Style,10984,0,0,0
10984-940s7,Size,7+,Colour,Titanium,Style,10984,0,0,0
10984-940s7,Size,8,Colour,Titanium,Style,10984,0,0,0
10984-940s7,Size,8+,Colour,Titanium,Style,10984,0,0,0
